Date	Mrkrs	Document_Title	Procedural_Step	Case_Num	Environmental_Analysis	Notes	Document_URL
6/28/1966	🟢	1355 mill st plan	Establishes plotlines	Historical	Historical property plan from 1966		https://github.com/tdemelle-SiP/bakers_pond/blob/master/Dated%20Documents/1966_06_28_1355%20mill%20st%20plan.PDF
2/5/1969	🟢	Full_D0Z6	Establishes plotlines	Historical	Historical property document		https://github.com/tdemelle-SiP/bakers_pond/blob/master/Dated%20Documents/1969_02_05_Full_D0Z6.pdf
7/27/2000	🟢	Quitclaim Deed Lot 2B	Delapa Transfers property to Vinci who pays $10k	Historical	Property transfer via quitclaim deed for Lot 2B; ?		https://github.com/tdemelle-SiP/bakers_pond/blob/master/Dated%20Documents/2000_07_27%20Quitclaim%20Deed%20Lot%202B.pdf
4/23/2001	🟢🔍	338-0303 Review Lot 2B Mill St	Substantive, regulation savvy review. This level of scrutiny should be referenced and applied today.	338-0303	DEP Review under file #338-0303		https://github.com/tdemelle-SiP/bakers_pond/blob/master/Dated%20Documents/2001_04_23%20338-0303%20Review%20Lot%202B%20Mill%20St.pdf
8/7/2014	🔒✏️	BVW Delineation Field Data Form		338-0594	Prepared by Goddard		https://github.com/tdemelle-SiP/bakers_pond/blob/master/Dated%20Documents/2014_08_07%20BVW%20Delineation%20Field%20Data%20Form.pdf
8/26/2014	🔒🟢✏️	Goddard Wetland Border Report		338-0594	Prepared by Goddard		https://github.com/tdemelle-SiP/bakers_pond/blob/master/Dated%20Documents/2014_08_26%20Wetland%20Border%20Report.pdf
10/27/2014	📐	GLM Boundary Delineation with Notations		338-0594	GLM drafted original.Revised in GEC report; does it reflect GLM's initial image?		https://github.com/tdemelle-SiP/bakers_pond/blob/master/Dated%20Documents/2014_10_27_GLM_Boundary_Delineation_w_Notations.png
10/27/2014	🟢📐	Wetland Delineation Plan RDA	**RDA Plan**	338-0594	Initial delineation for development	Filed by GLM Engineering of Hopkinton	https://github.com/tdemelle-SiP/bakers_pond/blob/master/Dated%20Documents/2014_10_27-DEP-0594-GLM_RDA_DELINEATION_PLAN.png
11/1/2014	❗	Notification of Abutters		338-0594			https://github.com/tdemelle-SiP/bakers_pond/blob/master/Dated%20Documents/2014_11_05_Notification_of_Abutters.pdf
11/13/2014	🟢⭐	Delapa ANRAD application	**Delapa ANRAD**	338-0594			https://github.com/tdemelle-SiP/bakers_pond/blob/master/Dated%20Documents/2014_11_13-DEP-0594-Goddard_ANRAD_application.pdf
6/21/2015	🟢	WCC hires GEC to review RDA		338-0594			
9/4/2015	🟢🔍	First Gec Site Visit		338-0594	Town hires consultant to verify delineation; WCC not trusting developer's submission	First GEC site visit for peer review	https://github.com/tdemelle-SiP/bakers_pond/blob/master/Dated%20Documents/2015_09_04_MISSING_First_GEC_Site_Visit.txt
10/7/2015	🟢	Second Gec Site Visit		338-0594	Additional peer review inspection; Thorough review suggests problems found	Second GEC site visit	https://github.com/tdemelle-SiP/bakers_pond/blob/master/Dated%20Documents/2015_10_07_MISSING_Second_GEC_Site_Visit.txt
10/28/2015	🟢🏛️⛔	Conservation Commission minutes	**ANRAD denied & withdrawn**	338-0594	Developer retreats to state-only jurisdiction; **BOUNDARIES DENIED UNANIMOUS**	*"Motion...that the Request for Wetland Boundary Confirmation for the Bordering Vegetated Wetland, potential Vernal Pool and the Perennial Stream is inaccurate"*; *"the stream must be observed during a non-drought or low flow season"* (Donahue); *"the owner has applied 3 times and has been denied each time"* (Foley)	https://github.com/tdemelle-SiP/bakers_pond/blob/master/Dated%20Documents/2015_10_28%20Conservation%20Commission%20minutes%2015151028.pdf
11/9/2015	🟢📄	 ORAD Denial Form 4B		338-0594	Formal determination against developer; Perennial stream means much larger buffer zones	Finding BVW delineation inaccurate and Mill Brook perennial	https://github.com/tdemelle-SiP/bakers_pond/blob/master/Dated%20Documents/ANRAD_DENIAL_FORM.pdf
11/20/2015	🟢↩️	Delapa ANRAD Appeal	**ANRAD DEP appeal**	338-0594	Challenges perennial stream determination; Weak appeal - missing key evidence	To DEP claiming intermittent stream based on 4 photos	https://github.com/tdemelle-SiP/bakers_pond/blob/master/Dated%20Documents/2015_11_20-DEP-0594-Goddard_ANRAD_Appeal.pdf
12/9/2015	🟢🏛️	Conservation Commission minutes	**Direct Contact with Town Counsel Granted**	338-0594	Attorney Watsky requests dealing with town attorney directly; Escalation to legal counsel	Communication shifted from public to privileged forum	https://github.com/tdemelle-SiP/bakers_pond/blob/master/Dated%20Documents/2015_12_09%20Consevation%20Commission%20minutes.pdf
12/16/2015	🔍	Massdep Site Visit	**DEP Site Visit**	338-0594	MassDEP conducts site visit; State begins own review of appeal	2 additional visits dates unknown	https://github.com/tdemelle-SiP/bakers_pond/blob/master/Dated%20Documents/2015_12_16-DEP-0594-DEP_Site_Inpection_Record.pdf
1/13/2016	🟢🏛️	Conservation Commssion minutes	**Delapa Suit Filed**	338-0594	Attorney Watsky states suit has been filed	*"Nicole Hayes...requested the ANRAD only be heard under the Wetland Protection Act"*; *"If the Bylaw is not removed the only recourse is to file through the superior court"*	https://github.com/tdemelle-SiP/bakers_pond/blob/master/Dated%20Documents/2016_01_13%20Conservation%20Commssion%20minutes%20.pdf
1/15/2016	🟢📐	Wetland Delineation Plan		338-0594			https://github.com/tdemelle-SiP/bakers_pond/blob/master/Dated%20Documents/2016_01_15-DEP-0594-GLM_Consultants_Goddard_Wetland_Zones.png
1/20/2016	📧	Goddard SORAD Supplemental info		338-0594	Re-asserting there is no perennial stream		https://github.com/tdemelle-SiP/bakers_pond/blob/master/Dated%20Documents/2016_01_20-DEP-0594-Goddard_SORAD_reuest_supplemental.pdf
1/20/2016	❌🟢📐	MISSING: Plan Of Land 44 Mill St Hoyt Surveying - ANR Application Plan?		338-0594	Survey plan for 44 Mill St; Preparing for subdivision attempt	Hoyt Land Surveying	https://github.com/tdemelle-SiP/bakers_pond/blob/master/Dated%20Documents/2016_01_20_MISSING_Plan_of_Land_44_Mill_St_Hoyt_Surveying.txt
1/27/2016	🟢🔍	GEC Evaluation		338-0594	GEC confirms dam 60 years old, Mill Brook perennial, potential vernal pools; Technical evaluation supports WCC position		https://github.com/tdemelle-SiP/bakers_pond/blob/master/Dated%20Documents/2016_01_27%20GEC%20Evaluation.pdf
2/2/2016	❌🟢⭐	MISSING: Anr Plan 44 Mill St Filed	**ANR application**	338-0594	ANR Plan for 44 Mill St; Attempt to create buildable lot without subdivision	Map 28, Lot 14	https://github.com/tdemelle-SiP/bakers_pond/blob/master/Dated%20Documents/2016_02_02_MISSING_ANR_Plan_44_Mill_St_Filed.txt
2/11/2016	📧	Planning Board letter RE ANR		338-0594	ANR declared incomplete - vital access not demonstrated; Planning Board finds deficiencies		https://github.com/tdemelle-SiP/bakers_pond/blob/master/Dated%20Documents/2016_02_11%20Planning%20Board%20letter%20RE%20ANR.pdf
2/11/2016	🔒❌🟢	MISSING: Further Anr Materials Submitted		338-0594	Applicant submits additional materials same day; Quick response to deficiency notice		https://github.com/tdemelle-SiP/bakers_pond/blob/master/Dated%20Documents/2016_02_11_MISSING_Further_ANR_Materials_Submitted.txt
2/23/2016	🟢⛔	Planning Board Meeting Minutes Anr Denial	**ANR denied**	338-0594	Planning Board determines land constitutes subdivision	Must go through full subdivision process	https://github.com/tdemelle-SiP/bakers_pond/blob/master/Dated%20Documents/2016_02_23%20Westwood%20Planning%20Board%20Minutes
2/24/2016	📧	Nora Loughnane Planning Board Letter	Correspondence from Nora Loughnane to Planning Board; Public participation in process	338-0594			https://github.com/tdemelle-SiP/bakers_pond/blob/master/Dated%20Documents/2016_02_24%20Nora%20Loughnane%20Planning%20Board%20Letter.pdf
3/19/2016	📧	21 DeMelle - Catrone - Dam Ownership	Email exchange about dam ownership; First questioning of dam ownership responsibilities	338-0594			https://github.com/tdemelle-SiP/bakers_pond/blob/master/Dated%20Documents/2016_03_19-21%20DeMelle%20-%20Catrone%20-%20Dam%20Ownership
4/29/2016	📧	Buckley to Abutters	Community communication to abutters	338-0594			https://github.com/tdemelle-SiP/bakers_pond/blob/master/Dated%20Documents/2016_04_29%20Buckley%20to%20Abutters
6/13/2016	🟢📐	Revised Plan		338-0594	Delapa submits revised plan in response to previous comments	Continuing permit pursuit	https://github.com/tdemelle-SiP/bakers_pond/blob/master/Dated%20Documents/2016_06_13-DEP-0594-GLM_Consultants_Goddard_Wetland_Zones.png
8/25/2016	🔒🟢⛔	SORAD	**DEP SORAD denied**	338-0594	DEP confirms Mill Brook as perennial stream; site within Interim Wellhead Protection Area for public water supply	*"A significant portion of Mill Brook including the impoundment at the site is within the Interim Wellhead Protection Area of a Public Water Supply (PWS) well at Buckmaster Pond in Westwood...The IWPA radius for the PWS well at Buckmaster Pond is 0.5 miles."* Protected status emphatically upheld Site described in filing as "undevelopable"	https://github.com/tdemelle-SiP/bakers_pond/blob/master/Dated%20Documents/2016_08_25%20SORAD.pdf
8/30/2016	📧	Buckley to Abutters	Community communication to abutters	338-0594			https://github.com/tdemelle-SiP/bakers_pond/blob/master/Dated%20Documents/2016_08_30%20Buckley%20to%20Abutters
9/8/2016	🔒🟢↩️	SORAD Appeal Document	**SORAD appealed**	338-0594	Delapa appeals DEP's Superseding Order; Opens second appeal (Docket WET-2016-022)	Escalates to administrative hearing - challenges state's environmental findings	https://github.com/tdemelle-SiP/bakers_pond/blob/master/Dated%20Documents/2016_09_08-DEP-0594-SORAD_Goddard_appeal.pdf
9/19/2016	📧	20 Buckley - Catrone - Palmer	Community communication between neighbors	338-0594	Buckley, Catrone, Palmer coordination		https://github.com/tdemelle-SiP/bakers_pond/blob/master/Dated%20Documents/2016_09_19-20%20Buckley%20-%20Catrone%20-%20Palmer
10/14/2016	🔒🟢	Goddard Forad Letter		338-0594			https://github.com/tdemelle-SiP/bakers_pond/blob/master/Dated%20Documents/2016_10_14-DEP-0594-Goddard_FORAD_Plans.pdf
10/20/2016	🔒🟢✅	#338-0594 Plan that was deemed Final	**DEP FORAD issued**	338-0594	DEP confirms resource area boundaries; Legally binding wetland delineation	Developer wins - boundaries denied multiple times by WCC and DEP are approved	https://github.com/tdemelle-SiP/bakers_pond/blob/master/Dated%20Documents/2016_10_20%20%23338-0594%20Plan%20that%20was%20deemed%20Final
10/20/2016	📐🟢	#338-0594 Final Plan		338-0594			https://github.com/tdemelle-SiP/bakers_pond/blob/master/Dated%20Documents/2016_10_20-DEP-0594-GLM_DEP_Note.png
11/9/2016	🔒❌🟢	MISSING: Executive Session Minutes		338-0594	WCC executive session for private deliberations on strategy		https://github.com/tdemelle-SiP/bakers_pond/blob/master/Dated%20Documents/2016_11_09_MISSING_Executive_Session_Minutes.txt
11/14/2016		Town Counsel Settlement Letter		338-0594			
11/21/2016	🔒🟢	Settlement Agreement Worrall & Watsky		338-0594	Settlement agreement with Worrall; Another party settlement		https://github.com/tdemelle-SiP/bakers_pond/blob/master/Dated%20Documents/2016_11_21-DEP-0594-WET-2016-022_Settlement_Agreement.pdf
12/19/2016	🔒🟢✅	delapawet2016-022fd_OCR	**DEP Proceedings Dismissed**	338-0594	DEP Final Decision incorporating Settlement Agreement; Appeal proceedings dismissed; BVW and Mill Brook perennial stream/Riverfront confirmed	*"I have reviewed the attached Settlement Agreement...The Department issues this Final Decision incorporating the Settlement Agreement and Final Order of Resource Area Delineation"*; *"these proceedings are dismissed with the parties waiving whatever rights they may have to further administrative review"*	https://github.com/tdemelle-SiP/bakers_pond/blob/master/Dated%20Documents/2016_12_19%20DEP%20Final%20Decision.pdf
12/19/2016	🔒🟢	Dep File Sorad 338-0594		338-0594	File No. SORAD/338-0594 reference	Key SORAD file for appeals	https://github.com/tdemelle-SiP/bakers_pond/blob/master/Dated%20Documents/2016_10_20-DEP-0594-GLM_DEP_Note.png
1/11/2017	🔒🟢✅	Conservation Commission Minutes	**WCC accepts ORAD**	338-0594	Commission signs ORAD for approval under Westwood Wetland Bylaw (approved 11/9/16 in Executive Session); Official wetland boundaries established under local bylaw with 3-year validity	*"the Commission must sign an ORAD for approval under the Bylaw which was approved on 11/9/16 during Executive Session"*; *"Motion...to sign the ORAD for approval under the Westwood Wetland Bylaw"*	https://github.com/tdemelle-SiP/bakers_pond/blob/master/Dated%20Documents/2017_01_11%20Conservation%20Commission%20Minutes.pdf
11/2/2018	🔒🟢	Site_Plan		338-0594	New site plan developed with updated development proposal	Preparing for next permit attempt	https://github.com/tdemelle-SiP/bakers_pond/blob/master/Dated%20Documents/2018_11_02_Site_Plan.pdf
12/17/2019	🔒🟢	FORAD filing		338-0594	DEP #338-0594 FORAD formal filing		https://github.com/tdemelle-SiP/bakers_pond/blob/master/Dated%20Documents/2019_12_17%20FORAD%20filing.pdf
12/24/2019	🔒🟢♻️	#338-0594 Extension Permit for FORAD	**FORAD Extension**	338-0594	WETLAND BOUNDARIES EXTENDED (3 more years until Dec 19, 2022)	Boundaries remain locked despite changing conditions	https://github.com/tdemelle-SiP/bakers_pond/blob/master/Dated%20Documents/2019_12_24%20%23338-0594%20Extension%20Permit%20for%20FORAD.pdf
3/19/2020	🟢⭐	Vinci NOI	**Vinci NOI**	338-0706	New development application	Starting formal permit process	https://github.com/tdemelle-SiP/bakers_pond/blob/master/Dated%20Documents/2020_03_19%20Delapa%20NOI.pdf
4/3/2020	🟢	Mass Covid Extension - Chapter 53		Historical			
4/7/2020	🔒🟢	Vinci_Quitclaim_Deed	Property transfer via quitclaim deed from Vinci back to Delapa for $1	Historical			https://github.com/tdemelle-SiP/bakers_pond/blob/master/Dated%20Documents/2020_04_07_Vinci_Quitclaim_Deed.pdf
4/13/2020		Vinci - Board of Assessors - Notice of Intent		338-0706			
4/15/2020		Tim McGuire Abutters List	List of property abutters required for notifications	338-0706	Procedural requirement		https://github.com/tdemelle-SiP/bakers_pond/blob/master/Dated%20Documents/2020_04_15%20Tim%20McGuire%20Abutters%20List.pdf
5/1/2020		WCC Filing Fee Schedule		338-0706			
5/11/2020		Delapa 335-5 NOI Checks	Filing fee payment checks for NOI	338-0706	Meeting financial obligations		https://github.com/tdemelle-SiP/bakers_pond/blob/master/Dated%20Documents/2020_05_11%20Delapa%20335-5%20NOI%20Checks.pdf
5/11/2020		Delapa NOI Wetland Fee Transmittal Form	Fee transmittal documentation; Administrative paperwork	338-0706	Procedural compliance		https://github.com/tdemelle-SiP/bakers_pond/blob/master/Dated%20Documents/2020_05_11%20Delapa%20NOI%20Wetland%20Fee%20Transmittal%20Form.pdf
6/7/2020		email from Kerry Snyder		338-0706	Avoiding procedural challenges		
6/18/2020		Tim McGuire Affadavit of Service to Abutters	Proof of abutter notification; Legal requirement met	338-0706	WPA Form 3 for single-family home on Vinci property; Formal development application	Engineer representing new owner	https://github.com/tdemelle-SiP/bakers_pond/blob/master/Dated%20Documents/2020_06_18%20Tim%20McGuire%20Affadavit%20of%20Service%20to%20Abutters.pdf
6/18/2020	🟢📐	Goddard_NOI_Original_Vinci #338-0706		338-0706			https://github.com/tdemelle-SiP/bakers_pond/blob/master/Dated%20Documents/2020_06_18_Goddard_NOI_Original_Vinci%20%23338-0706.pdf
7/8/2020		Minutes  Conservation Commission	Initial hearing on single-family home NOI; Site has pond, dam, riverfront area, BVW and flood plain	338-0706	*"Mr. Goddard states this is a four acre lot with a pond, dam, riverfront area, bordering vegetated wetland and flood plain"*; *"Mr. Rogers states there are a lot of significant issues on this site"*; *"Motion...to hire a peer review consultant at the expense of the applicant"*		https://github.com/tdemelle-SiP/bakers_pond/blob/master/Dated%20Documents/2020_07_08%20Minutes%20%20Conservation%20Commission.pdf
9/9/2020	🟢	Minutes - Conservation Commission		338-0706	WCC formally orders peer review; Independent evaluation required	Wrong document on town site - July 22 minutes posted instead; Town maintaining scrutiny	https://github.com/tdemelle-SiP/bakers_pond/blob/master/Dated%20Documents/2020_09_09%20Minutes%20-%20Conservation%20Commission.pdf
10/8/2020	🟢🔍	GEC_Donahoe_Review_Summary	**PEER REVIEW**	338-0706	GEC/Donahoe peer review summary; Professional evaluation findings	SCALE ERROR FOUND ON STAMPED PLAN	https://github.com/tdemelle-SiP/bakers_pond/blob/master/Dated%20Documents/2020_10_08_GEC_Donahoe_Review_Summary.pdf
10/13/2020	📧	Goddard to Catrone	Goddard email to WCC administrator; Correcting NOI filing under Vinci instead of Delapa	338-0706			https://github.com/tdemelle-SiP/bakers_pond/blob/master/Dated%20Documents/2020_10_13%20Goddard%20to%20Catrone.pdf
10/14/2020	🐢	Minutes - Conservation Commission		338-0706	Hearing continuation notice; More time needed for review	Process extending	https://github.com/tdemelle-SiP/bakers_pond/blob/master/Dated%20Documents/2020_10_14%20Minutes%20-%20Conservation%20Commission.pdf
10/27/2020	📧	Response_to_Peer_Review_Comments	Applicant responds to peer review; Addressing technical concerns	338-0706	Attempting to satisfy critics		https://github.com/tdemelle-SiP/bakers_pond/blob/master/Dated%20Documents/2020_10_27_Response_to_Peer_Review_Comments.pdf
10/28/2020	🏛️	Minutes  Conservation Commission	Conservation Commission meeting acknowledges site history 	338-0706	*"It has been before the Commission several times in the past"* (Previtera); Difficult site with repeated attempts - pattern of persistent applications		https://github.com/tdemelle-SiP/bakers_pond/blob/master/Dated%20Documents/2020_10_28%20Minutes%20%20Conservation%20Commission.pdf
11/18/2020	🟢	Nora Loughnane email to Catrone		338-0706			
11/18/2020	🐢	WCC Hearing Continued		338-0706	Sale record from Salvatore to Delapa		https://github.com/tdemelle-SiP/bakers_pond/blob/master/Dated%20Documents/2020_11_18%20WCC%20Hearing%20Continued.pdf
11/18/2020	🟢	Plot Sale Record - Salvatore - Delapa	Property transfer documentation	Historical	Extended review process continues	Another hearing continuation	https://github.com/tdemelle-SiP/bakers_pond/blob/master/Dated%20Documents/2020_11_18%20Plot%20Sale%20Record%20-%20Salvatore%20-%20Delapa.pdf
12/14/2020	🟢📧	GEC_Donahoe_Review_Comments		338-0706	Detailed peer review reveals specific technical concerns	Substantive issues identified with application	https://github.com/tdemelle-SiP/bakers_pond/blob/master/Dated%20Documents/2020_12_14_GEC_Donahoe_Review_Comments.pdf
1/1/2021	🐢	2021 Goddard Continuation Requests		338-0706	Pattern of delays by applicant	Multiple continuation requests by Goddard	https://github.com/tdemelle-SiP/bakers_pond/blob/master/Dated%20Documents/2021%20Goddard%20Continuation%20Requests.pdf
1/4/2021	📧	Enviro Analysis Follow up Email from Brian Donahoe	Peer reviewer finalizing environmental analysis	338-0706	Follow-up email from Brian Donahoe		https://github.com/tdemelle-SiP/bakers_pond/blob/master/Dated%20Documents/2021_01_04%20Enviro%20Analysis%20Follow%20up%20Email%20from%20Brian%20Donahoe.pdf
1/27/2021	🐢	WCC Hearing Continued		338-0706	Extended review process continues	Hearing continuation	https://github.com/tdemelle-SiP/bakers_pond/blob/master/Dated%20Documents/2021_01_27%20WCC%20Hearing%20Continued.pdf
2/10/2021	🐢	WCC Hearing Continued		338-0706	Extended review process continues	Another continuation	https://github.com/tdemelle-SiP/bakers_pond/blob/master/Dated%20Documents/2021_02_10%20WCC%20Hearing%20Continued.pdf
2/24/2021	🐢	WCC Hearing Contnued		338-0706	Extended review process continues	Continued again	https://github.com/tdemelle-SiP/bakers_pond/blob/master/Dated%20Documents/2021_02_24%20WCC%20Hearing%20Contnued.pdf
3/10/2021	🟢📐	Delapa Site Plan		338-0706	Updated development proposal	Site plan revision submitted	https://github.com/tdemelle-SiP/bakers_pond/blob/master/Dated%20Documents/2021_03_10%20Delapa%20Site%20Plan.pdf
3/10/2021	🐢	WCC Hearing Continued		338-0706	Procedural reset required due to extended delays	WCC requires re-notification of abutters due to many continuations	https://github.com/tdemelle-SiP/bakers_pond/blob/master/Dated%20Documents/2021_03_10%20WCC%20Hearing%20Continued.pdf
3/19/2021		Delapa - Goddard Property owner Application Authorizatoin	Formal agent authorization	338-0706	Authorization for Goddard to represent Delapa		https://github.com/tdemelle-SiP/bakers_pond/blob/master/Dated%20Documents/2021_03_19%20Delapa%20-%20Goddard%20Property%20owner%20Application%20Authorizatoin.pdf
3/19/2021	🟢	Delapa Notice of Intent Form 3		338-0706	Updated formal application submitted	WPA Form 3 submission	https://github.com/tdemelle-SiP/bakers_pond/blob/master/Dated%20Documents/2021_03_19%20Delapa%20Notice%20of%20Intent%20Form%203.pdf
3/19/2021	🟢	Goddard Response to GEC Review		338-0706	Applicant addresses technical concerns raised by peer reviewer	Response to GEC Review comments	https://github.com/tdemelle-SiP/bakers_pond/blob/master/Dated%20Documents/2021_03_19%20Goddard%20Response%20to%20GEC%20Review.pdf
3/22/2021	🟢📐	Goddard_NOI_Revised_DEP_338-0706		338-0706	Application revision for case #338-0706	Revised plans submitted	https://github.com/tdemelle-SiP/bakers_pond/blob/master/Dated%20Documents/2021_03_22_Goddard_NOI_Revised_DEP_338-0706.pdf
3/24/2021	🐢	WCC Hearing Continued - Abutters not notified		338-0706	Procedural failure requires new notification	Abutters not properly notified	https://github.com/tdemelle-SiP/bakers_pond/blob/master/Dated%20Documents/2021_03_24%20WCC%20Hearing%20Continued%20-%20Abutters%20not%20notified.pdf
4/26/2021	📧	Catrone email to Donahoe	Administrative coordination with peer reviewer	338-0706	Catrone email to Donahoe		https://github.com/tdemelle-SiP/bakers_pond/blob/master/Dated%20Documents/2021_04_26%20Catrone%20email%20to%20Donahoe.pdf
5/5/2021	🐢	Minutes  Conservation Commission		338-0706	Commission deliberation documentation	WCC meeting minutes	https://github.com/tdemelle-SiP/bakers_pond/blob/master/Dated%20Documents/2021_05_05%20Minutes%20%20Conservation%20Commission.pdf
5/6/2021	🟢📧	Ahearn reply to Catrone		Historical			
5/6/2021	🟢📧	AY email to Catrone		Historical			
5/25/2021	📧	AY TD emails		338-0706			
5/25/2021	📧	Buckley email		338-0706			
5/26/2021	🐢	WCC Hearing Continued		338-0706	Extended review process continues	Another hearing continuation	https://github.com/tdemelle-SiP/bakers_pond/blob/master/Dated%20Documents/2021_05_26%20WCC%20Hearing%20Continued.pdf
6/8/2021	🟢📧	email from Nora Loughnane		338-0706			
6/9/2021	🟢📧	email from Nora Loughnane		338-0706			
6/9/2021	🐢	WCC Hearing Continued		338-0706	Extended review process continues	Hearing continuation	https://github.com/tdemelle-SiP/bakers_pond/blob/master/Dated%20Documents/2021_06_09%20WCC%20Hearing%20Continued.pdf
7/3/2021	🟢⭐	Delapa NOI Form 3	**Delapa NOI**	338-0706	Updated application materials with July 3, 2021 date	WPA Form 3 Revision	https://github.com/tdemelle-SiP/bakers_pond/blob/master/Dated%20Documents/2021_07_03%20Delapa%20NOI%20Form%203%20Revision.pdf
7/3/2021	🟢📐	Delapa Revised Site Plan		338-0706	Updated development proposal	Revised site plan dated July 3, 2021	https://github.com/tdemelle-SiP/bakers_pond/blob/master/Dated%20Documents/2021_07_03%20Delapa%20Revised%20Site%20Plan.pdf
7/28/2021	🐢	WCC Hearing Continued		338-0706	Extended review process continues	Another continuation	https://github.com/tdemelle-SiP/bakers_pond/blob/master/Dated%20Documents/2021_07_28%20WCC%20Hearing%20Continued.pdf
9/8/2021	🟢	Goddard response to GEC Review		338-0706	Applicant disputes peer review findings	Goddard rejects GEC peer review	https://github.com/tdemelle-SiP/bakers_pond/blob/master/Dated%20Documents/2021_09_08%20Goddard%20response%20to%20GEC%20Review.jpg
9/8/2021	🐢	WCC Hearing Continued		338-0706	Extended review process continues	Hearing continuation	https://github.com/tdemelle-SiP/bakers_pond/blob/master/Dated%20Documents/2021_09_08%20WCC%20Hearing%20Continued.pdf
10/8/2021	🟢📐	Goddard Revised NOI Site Plan		338-0706	Additional design modifications	Another revised site plan	https://github.com/tdemelle-SiP/bakers_pond/blob/master/Dated%20Documents/2021_10_08%20Goddard%20Revised%20NOI%20Site%20Plan.pdf
10/13/2021	🟢🏛️	Minutes  Conservation Commission		338-0706		Mr McGuire states if the project is going to e denied he will ask the commission if they will continue the bylaw section of the Notice of Intent for six (6) months. Ms. Catrone recommends the Commission not break up the state and bylaw portion of the Notice of Intent. Hearing continued to allow Karon to consult with Town Counsel on continuing the bylaw portion of the Notice of Intent.	https://github.com/tdemelle-SiP/bakers_pond/blob/master/Dated%20Documents/2021_10_13%20Minutes%20%20Conservation%20Commission.pdf
10/13/2021	🔒❌🟢	MISSING: Catrone - town counsel		338-0706			
10/18/2021	🔒🟢	Delapa Withdrawal of NOI from Town Bylaws		338-0706	Strategic retreat to state-only jurisdiction before any vote; Attempt to avoid stricter town standards	*"Applicant hereby **withdraws its local-by-law Notice of Intent ⭐**…"* (Complaint p. 8 ¶38)	https://github.com/tdemelle-SiP/bakers_pond/blob/master/Dated%20Documents/2021_10_18%20Delapa%20Withdrawal%20of%20NOI%20from%20Town%20Bylaws.pdf
10/27/2021	🐢	WCC Hearing Continued - Mr Stephen David recuses himself		338-0706	Commissioner recusal affects voting composition	Mr Stephen David recuses himself	https://github.com/tdemelle-SiP/bakers_pond/blob/master/Dated%20Documents/2021_10_27%20WCC%20Hearing%20Continued%20-%20Mr%20Stephen%20David%20recuses%20himself.pdf
11/10/2021	🟢🏛️	Minutes  Conservation Commission		338-0706	**PROJECT DENIED 7-0** - Board refuses withdrawal & issues denial; Commission protects 26,638 sf of resources including perennial stream	*"Motion...to deny...under both the state and the bylaw. The site is very difficult and the applicant has not demonstrated that the project can meet the performance standards"* (Complaint p. 8 ¶39)	https://github.com/tdemelle-SiP/bakers_pond/blob/master/Dated%20Documents/2021_11_10%20Minutes%20%20Conservation%20Commission.pdf
11/17/2021	🔒🟢⛔	Order_of_Conditions_Denial #338-0706 - #438-0706	**DEP NOI denied**	338-0706	Formal agency action creates appealable record; 26,638 sf impact, perennial stream, 10 ft NDZ violations cited	WPA Form 5 denial citing environmental impacts	https://github.com/tdemelle-SiP/bakers_pond/blob/master/Dated%20Documents/2021_11_17_Order_of_Conditions_Denial%20%23338-0706%20-%20%23438-0706.pdf
11/18/2021	🟢⛔	WCC Denial of NoI	**WCC NOI denied**	338-0706	Official rejection of development proposal	Formal WCC denial document	https://github.com/tdemelle-SiP/bakers_pond/blob/master/Dated%20Documents/2021_11_18%20WCC%20Denial%20of%20NoI.pdf
11/30/2021	🔒🟢↩️	Goddard DEP SOC Request	**SOC appeal**	338-0706	Seeks state override of local denial; claims project meets standards with 700 sq ft replication for 550 sq ft fill	Appeal to DEP for superseding order	https://github.com/tdemelle-SiP/bakers_pond/blob/master/Dated%20Documents/2021_11_30-DEP-0706-Goddard_SOC_Request.pdf
12/15/2021		DEP Site Inspection Notice	DEP schedules site visit for SOC review	338-0706	Site inspection notice		https://github.com/tdemelle-SiP/bakers_pond/blob/master/Dated%20Documents/2021_12_15%20DEP%20Site%20Inspection%20Notice.pdf
1/6/2022	🔒❌🟢	MISSING: Dep Site Visit Notes		338-0706	Critical inspection with all parties present; DEP evaluates conflicting positions	Site visit with applicant, WCC rep, and peer reviewer	https://github.com/tdemelle-SiP/bakers_pond/blob/master/Dated%20Documents/2022_01_06_MISSING_DEP_Site_Visit_Notes.txt
1/11/2022	🔒🟢	DEP letter to Delapa		338-0706	DEP requests quantification of BLSF impacts and flood storage per 310 CMR 10.57(4)	Request for additional technical information	https://github.com/tdemelle-SiP/bakers_pond/blob/master/Dated%20Documents/2022_01_11%20DEP%20letter%20to%20Delapa.pdf
1/12/2022	🔒🟢	Case Details - Massachusetts Trial Court N3		338-0706	Legal challenge escalates to superior court	Superior Court Case – Docket #2282CV00038 opened	https://github.com/tdemelle-SiP/bakers_pond/blob/master/Dated%20Documents/2022_01_12_Case%20Details%20-%20Massachusetts%20Trial%20Court%20N3.pdf
1/12/2022	🔒🟢	DelapavsWCC_Docket001_OCR2		338-0706	Formal legal challenge to WCC denial; 3 counts: certiorari, by-law not stricter, Commission lacked withdrawal discretion	Superior Court Filing – Petition for Certiorari (31 pages)	https://github.com/tdemelle-SiP/bakers_pond/blob/master/Dated%20Documents/2022_01_12_DelapavsWCC_Docket001_OCR2.pdf
1/12/2022	🔒	DelapavsWCC_Docket002_OCR2		338-0706	Procedural filing for court case	Superior Court Filing – Certificate of Service of Petition	https://github.com/tdemelle-SiP/bakers_pond/blob/master/Dated%20Documents/2022_01_12_DelapavsWCC_Docket002_OCR2.pdf
2/7/2022	🔒🟢	Legal Negotiation		338-0706	Settlement negotiations begin between parties	Legal negotiation documentation	https://github.com/tdemelle-SiP/bakers_pond/blob/master/Dated%20Documents/2022_02_07%20Legal%20Negotiation.pdf
2/8/2022	🔒	Goddard Information Request		338-0706	Response to DEP with revised plans dated Jan 31, 2022	Goddard submits information request response	https://github.com/tdemelle-SiP/bakers_pond/blob/master/Dated%20Documents/2022_02_08_Goddard_Requested_Information.pdf
2/25/2022	🔒🟢	Blsf Cut Fill Chart		338-0706	Technical submission responding to DEP request	BLSF cut/fill chart submitted	https://github.com/tdemelle-SiP/bakers_pond/blob/master/Dated%20Documents/2022_02_25-DEP-0706-Goddard_Requested_Information.pdf
3/7/2022	🔒🟢	Letter from DEP to Delapa		338-0706	DEP identifies technical issues with application	Inconsistent floodplain elevations noted	https://github.com/tdemelle-SiP/bakers_pond/blob/master/Dated%20Documents/2022_03_07%20Letter%20from%20DEP%20to%20Delapa.pdf
3/14/2022	🔒	Delapa Letter		338-0706	Response to DEP with new revised plans dated March 8, 2022	Delapa letter submitting plan revisions	https://github.com/tdemelle-SiP/bakers_pond/blob/master/Dated%20Documents/2022_03_14%20Delapa%20Letter.pdf
3/21/2022	📧	Email Donahoe - Catrone	Communication between peer reviewer and WCC administrator	338-0706	Email correspondence		https://github.com/tdemelle-SiP/bakers_pond/blob/master/Dated%20Documents/2022_03_21%20Email%20Donahoe%20-%20Catrone%20.pdf
3/28/2022	📧	Brian Donahoe - Karon email	Peer reviewer communication	338-0706	Brian Donahoe correspondence		https://github.com/tdemelle-SiP/bakers_pond/blob/master/Dated%20Documents/2022_03_28%20Brian%20Donahoe%20-%20Karon%20email.pdf
3/31/2022	🔒	DelapavsWCC_Docket003_OCR2		338-0706	Court filing with attorney affidavit	Superior Court Filing – Certificate of Service Documents (Rachel Watsky affidavit)	https://github.com/tdemelle-SiP/bakers_pond/blob/master/Dated%20Documents/2022_03_31_DelapavsWCC_Docket003_OCR2.pdf
3/31/2022	🔒	DelapavsWCC_Docket004_OCR2		338-0706	Procedural court filing	Superior Court Filing – Acceptance of Service	https://github.com/tdemelle-SiP/bakers_pond/blob/master/Dated%20Documents/2022_03_31_DelapavsWCC_Docket004_OCR2.pdf
4/1/2022	🔒🟢	Re Request of Suerpseding Order Letter from Town Counsel		338-0706	Town Counsel challenges SOC request with pointed questions	Letter responding to superseding order request	https://github.com/tdemelle-SiP/bakers_pond/blob/master/Dated%20Documents/2022_04_01%20Re%20Request%20of%20Suerpseding%20Order%20Letter%20from%20Town%20Counsel.pdf
4/12/2022		Civil Tracking Order		338-0706			
4/20/2022	🔒	DelapavsWCC_Docket005_OCR2		338-0706	WCC legal defense strategy	Superior Court Filing – Answer denying claims and asserting affirmative defenses	https://github.com/tdemelle-SiP/bakers_pond/blob/master/Dated%20Documents/2022_04_20_DelapavsWCC_Docket005_OCR2.pdf
5/6/2022	🔒🟢✅	Superseding Order of Conditions	**SOC issued**	338-0706	DEP overrules WCC denial; state authority supersedes local decision with conditions	WPA Form 5 with reserved rights for additional issues	https://github.com/tdemelle-SiP/bakers_pond/blob/master/Dated%20Documents/2022_05_06_Superseding%20Order%20of%20Conditions.pdf
5/7/2022		Note on SOC Covid Extension	Legal clarification on permit validity	338-0706	COVID extension does NOT apply to SOC		https://github.com/tdemelle-SiP/bakers_pond/blob/master/Dated%20Documents/2022_05_07%20Note%20on%20SOC%20Covid%20Extension
5/19/2022	🔒🟢	338-0706 Letter from Town Counsel		338-0706	Town Counsel identifies additional regulatory gap	Shared driveway issue - no planning board order	https://github.com/tdemelle-SiP/bakers_pond/blob/master/Dated%20Documents/2022_05_19%20338-0706%20Letter%20from%20Town%20Counsel.pdf
8/14/2022	🔒	DelapavsWCC_Docket006_OCR2		338-0706	Court manages case progress	Superior Court Order – Status Review (update required by 09/09/2022)	https://github.com/tdemelle-SiP/bakers_pond/blob/master/Dated%20Documents/2022_08_14_DelapavsWCC_Docket006_OCR2.pdf
8/23/2022	🔒	Notice - Order of Status Review		338-0706	Court administrative notice	Notice of Status Review Order	https://github.com/tdemelle-SiP/bakers_pond/blob/master/Dated%20Documents/2022_08_23%20Notice%20-%20Order%20of%20Status%20Review.pdf
9/8/2022	🔒🟢	DelapavsWCC_Docket007_OCR2		338-0706	Settlement negotiations progress; parties need time for formal approval	Superior Court Filing – Joint Status Report	https://github.com/tdemelle-SiP/bakers_pond/blob/master/Dated%20Documents/2022_09_08_DelapavsWCC_Docket007_OCR2.pdf
9/9/2022	🔒	DelapavsWCC_Docket008_OCR2		338-0706	Court grants additional time for settlement completion	Superior Court Order – Status review continued to November 9, 2022	https://github.com/tdemelle-SiP/bakers_pond/blob/master/Dated%20Documents/2022_09_09_DelapavsWCC_Docket008_OCR2.pdf
9/12/2022	🔒🟢	letter from Goddard		338-0706	Settlement proposal with financial cap	Goddard proposes dam repair with $25,000 cost cap	https://github.com/tdemelle-SiP/bakers_pond/blob/master/Dated%20Documents/2022_09_12%20letter%20from%20Goddard.pdf
9/12/2022	🔒🟢	Unsigned Settlement Agreement		338-0706	Draft settlement terms negotiated	WCC accepts SOC, Delapa repairs dam, new NOI required	https://github.com/tdemelle-SiP/bakers_pond/blob/master/Dated%20Documents/2022_09_12%20Unsigned%20Settlement%20Agreement.pdf
10/26/2022	🔒🟢✅	42 Mill Street signed MOU 10-26-2022	**Settlement executed**	338-0706	Legal dispute resolved; Commission adopts DEP SOC with conditions: Delapa repairs dam first, then building permit	MOU with $25,000 cost cap	https://github.com/tdemelle-SiP/bakers_pond/blob/master/Dated%20Documents/2022_10_26_42%20Mill%20Street%20signed%20MOU%2010-26-2022.pdf
12/19/2022	🔒🟢⏰	Referenced in SOC	**FORAD expires**	338-0594	Critical regulatory protection expires; site returns to undelineated status requiring new wetland delineation	6-year term ends (3+3 extension)	
12/20/2022	🔒	DelapavsWCC_Docket009_OCR2		338-0706	Court docket entry - Joint status update		https://github.com/tdemelle-SiP/bakers_pond/blob/master/Dated%20Documents/2022_12_20_DelapavsWCC_Docket009_OCR2.pdf
1/18/2023	🐢	WCC Hearing Continued		338-0706			
3/27/2023	🔒	DelapavsWCC_Docket010_OCR2		338-0706	Court docket entry - Status review order		https://github.com/tdemelle-SiP/bakers_pond/blob/master/Dated%20Documents/2023_03_27_DelapavsWCC_Docket010_OCR2.pdf
4/24/2023	🔒	DelapavsWCC_Docket011_OCR2		338-0706	Status review - case settled, 60-day order issued		https://github.com/tdemelle-SiP/bakers_pond/blob/master/Dated%20Documents/2023_04_24_DelapavsWCC_Docket011_OCR2.pdf
4/24/2023	🔒🟢	DelapavsWCC_Docket012_OCR2		338-0706	Court action contingent on settlement completion	Superior Court Order – Dismissal Nisi	https://github.com/tdemelle-SiP/bakers_pond/blob/master/Dated%20Documents/2023_04_24_DelapavsWCC_Docket012_OCR2.pdf
5/22/2023	🟢	Dam_Restoration_Site_Plan_Figure4		338-0756	Technical engineering submission for dam project	Dam restoration site plan Figure 4	https://github.com/tdemelle-SiP/bakers_pond/blob/master/Dated%20Documents/2023_05_22_Dam_Restoration_Site_Plan_Figure4.pdf
5/23/2023	🟢⭐	WPA_Form_3_NOI_Dam_Restoration	**NOI**	338-0756	Dam restoration application per settlement agreement requirements	WPA Form 3 for dam restoration	https://github.com/tdemelle-SiP/bakers_pond/blob/master/Dated%20Documents/2023_05_23_WPA_Form_3_NOI_Dam_Restoration.pdf
5/27/2023	📧	DeMelle - Catrone Dam Ownership	Legal questions about dam ownership responsibility	338-0756	Community inquiry on dam ownership		https://github.com/tdemelle-SiP/bakers_pond/blob/master/Dated%20Documents/2023_05_27%20DeMelle%20-%20Catrone%20Dam%20Ownership
6/14/2023		Legal_Notice_Dam_Restoration_Hearing	Public notification for regulatory hearing	338-0756	Legal notice for dam restoration hearing		https://github.com/tdemelle-SiP/bakers_pond/blob/master/Dated%20Documents/2023_06_14_Legal_Notice_Dam_Restoration_Hearing.pdf
6/22/2023	🔒🟢	DelapavsWCC_Docket013_OCR2		338-0706	Final resolution of legal challenge	Superior Court Filing – Stipulation of Dismissal (with prejudice, parties bear own costs)	https://github.com/tdemelle-SiP/bakers_pond/blob/master/Dated%20Documents/2023_06_22_DelapavsWCC_Docket013_OCR2.pdf
6/28/2023	🐢	WCC Hearing Continued		338-0756	Extended review process for dam restoration	Hearing continued	https://github.com/tdemelle-SiP/bakers_pond/blob/master/Dated%20Documents/2023_06_28%20WCC%20Hearing%20Continued.pdf
6/29/2023		FOIA_REQUEST FORMALLY FILED	Public records request for case documentation	338-0756	DeMelle FOIA request filed		https://github.com/tdemelle-SiP/bakers_pond/blob/master/Dated%20Documents/2023_06_29_FOIA_REQUEST%20FORMALLY%20FILED
7/12/2023	🟢🏛️	Minutes  Conservation Commission		338-0756	Commission discusses dam project logistics and cost constraints	Dam repair discussion: $25k cap, mini excavator access	https://github.com/tdemelle-SiP/bakers_pond/blob/master/Dated%20Documents/2023_07_12%20Minutes%20%20Conservation%20Commission.pdf
7/26/2023	🟢🏛️	Minutes  Conservation Commission		338-0756	Legal and environmental complications emerge	Dam ownership questioned; beaver removal concerns raised	https://github.com/tdemelle-SiP/bakers_pond/blob/master/Dated%20Documents/2023_07_26%20Minutes%20%20Conservation%20Commission.pdf
9/1/2023	🟢📐	Response-booklet_Mon_Sep_11_2023_09_01-40.pdf		338-0756	Technical response to peer review analysis	Response to BETA peer review citing SOC #338-0706	https://github.com/tdemelle-SiP/bakers_pond/blob/master/Dated%20Documents/2023_09_01%20-%20Response-booklet_Mon_Sep_11_2023_09-01-40.pdf
9/13/2023	🐢	WCC Hearing Continued		338-0756	Extended review process continues	Hearing continued	https://github.com/tdemelle-SiP/bakers_pond/blob/master/Dated%20Documents/2023_09_13%20%20WCC%20Hearing%20Continued.pdf
9/27/2023	🐢	WCC Hearing Continued		338-0756	Extended review process continues	Hearing continued	https://github.com/tdemelle-SiP/bakers_pond/blob/master/Dated%20Documents/2023_09_27%20WCC%20Hearing%20Continued.pdf
10/11/2023	🐢	WCC Hearing Continued		338-0756	Extended review process continues	Hearing continued	https://github.com/tdemelle-SiP/bakers_pond/blob/master/Dated%20Documents/2023_10_11%20%20WCC%20Hearing%20Continued.pdf
10/25/2023	🐢	WCC Hearing Continued		338-0756	Extended review process continues	Hearing continued	https://github.com/tdemelle-SiP/bakers_pond/blob/master/Dated%20Documents/2023_10_25%20%20WCC%20Hearing%20Continued.pdf
11/8/2023	🐢	WCC Hearing Continued		338-0756	Extended review process continues	Hearing continued	https://github.com/tdemelle-SiP/bakers_pond/blob/master/Dated%20Documents/2023_11_08%20%20WCC%20Hearing%20Continued.pdf
12/13/2023	🐢	WCC Hearing Continued		338-0756	Extended review process continues	Hearing continued	https://github.com/tdemelle-SiP/bakers_pond/blob/master/Dated%20Documents/2023_12_13%20%20WCC%20Hearing%20Continued.pdf
12/31/2023	🔒❌🟢	MISSING: Beta Final Peer Review Report		338-0756	Critical peer review analysis missing	BETA final peer review report for dam project	https://github.com/tdemelle-SiP/bakers_pond/blob/master/Dated%20Documents/2023_MISSING_BETA_Final_Peer_Review_Report.txt
1/10/2024	🟢🏛️	WCC Hearing Continued		338-0756	Procedural reset required due to extended delays	Applicant must re-notify abutters	https://github.com/tdemelle-SiP/bakers_pond/blob/master/Dated%20Documents/2024_01_10%20%20WCC%20Hearing%20Continued.pdf
5/6/2025	🟢⏰	Referenced in recent correspondence	**SOC expires**	338-0706	Critical regulatory protection expires; no valid development approval remains	3-year term ends for SOC #338-0706	
7/23/2025	❌🟢🏛️	❌WCC Meeting		338-0756	Major shift from settlement agreement; Delapa proposes dam removal instead of repair citing cost	Continued to September; significant change from original MOU	https://github.com/tdemelle-SiP/bakers_pond/blob/master/Dated%20Documents/2025_07_23_MISSING%20minutes%20conservation%20commission.pdf
7/29/2025	📧	DeMelle email to Catrone	Community input on current proceedings	338-0756	Email to WCC administrator		https://github.com/tdemelle-SiP/bakers_pond/blob/master/Dated%20Documents/2025_07_29%20DeMelle%20email%20to%20Catrone
		USGIS Orthophoto View of Locus Site - Lot 2B Mill St	Visual site documentation	Historical	USGS orthophoto aerial view of Lot 2B Mill St		https://github.com/tdemelle-SiP/bakers_pond/blob/master/Dated%20Documents/USGIS%20Orthophoto%20View%20of%20Locus%20Site%20-%20Lot%202B%20Mill%20St.pdf
		USGS Site Locus - Lot 2B Mill St	Geographic reference documentation	Historical	USGS site location map for Lot 2B Mill St		https://github.com/tdemelle-SiP/bakers_pond/blob/master/Dated%20Documents/USGS%20Site%20Locus%20-%20Lot%202B%20Mill%20St.pdf
	📧	message from Abby McCabe					
		acceptance of service					
		Delapa Plan					